{"meta": {"format": 3, "version": "7.10.7", "timestamp": "2025-10-13T17:18:46.860419", "branch_coverage": true, "show_contexts": false}, "files": {"greenlang\\agents\\industrial_process_heat_agent_ai.py": {"executed_lines": [1, 41, 42, 43, 44, 45, 46, 48, 49, 57, 60, 68, 69, 71, 72, 73, 74, 75, 76, 77, 78, 79, 80, 81, 82, 83, 84, 85, 86, 87, 90, 91, 93, 94, 95, 96, 97, 98, 99, 100, 101, 102, 103, 104, 105, 106, 107, 108, 109, 110, 111, 112, 120, 129, 138, 156, 157, 197, 198, 199, 201, 216, 217, 218, 221, 224, 225, 228, 229, 230, 233, 235, 239, 291, 313, 338, 378, 414, 440, 470, 498, 501, 504, 507, 510, 513, 516, 517, 518, 521, 523, 537, 551, 554, 555, 557, 560, 565, 567, 576, 592, 595, 598, 600, 606, 630, 633, 635, 639, 640, 641, 642, 643, 644, 646, 649, 655, 658, 661, 664, 665, 669, 670, 671, 676, 679, 680, 681, 682, 684, 686, 699, 719, 722, 725, 728, 734, 736, 744, 760, 763, 766, 769, 770, 773, 774, 777, 779, 789, 807, 810, 811, 814, 819, 822, 824, 833, 843, 852, 853, 854, 855, 858, 862, 866, 871, 882, 887, 888, 892, 894, 960, 1086, 1152, 1192, 1292, 1298, 1316], "summary": {"covered_lines": 174, "num_statements": 319, "percent_covered": 51.94805194805195, "percent_covered_display": "51.95", "missing_lines": 145, "excluded_lines": 1, "num_branches": 66, "num_partial_branches": 6, "covered_branches": 26, "missing_branches": 40}, "missing_lines": [764, 859, 860, 863, 864, 867, 868, 883, 884, 889, 890, 913, 916, 917, 923, 925, 927, 928, 929, 930, 932, 935, 938, 939, 948, 950, 951, 952, 958, 972, 973, 974, 975, 976, 977, 980, 981, 982, 983, 984, 985, 986, 987, 988, 989, 992, 997, 1000, 1003, 1029, 1031, 1033, 1035, 1053, 1056, 1059, 1065, 1077, 1078, 1079, 1084, 1099, 1100, 1101, 1102, 1103, 1104, 1105, 1106, 1107, 1108, 1110, 1150, 1161, 1163, 1164, 1165, 1167, 1168, 1169, 1170, 1171, 1174, 1175, 1176, 1177, 1178, 1179, 1180, 1181, 1182, 1183, 1186, 1187, 1190, 1209, 1210, 1211, 1214, 1215, 1216, 1217, 1218, 1223, 1224, 1225, 1228, 1229, 1232, 1233, 1234, 1235, 1238, 1241, 1244, 1258, 1259, 1260, 1261, 1263, 1264, 1268, 1269, 1271, 1272, 1275, 1276, 1279, 1287, 1288, 1290, 1322, 1324, 1331, 1334, 1335, 1337, 1339, 1342, 1343, 1344, 1345, 1346, 1366, 1367], "excluded_lines": [1348], "executed_branches": [[554, 555], [554, 557], [633, 635], [633, 639], [639, 640], [639, 641], [641, 642], [641, 643], [643, 644], [643, 646], [679, 680], [679, 681], [681, 682], [681, 684], [763, 766], [769, 770], [769, 773], [852, 853], [852, 858], [853, 852], [853, 854], [858, 862], [862, 866], [866, 871], [882, 887], [888, 892]], "missing_branches": [[763, 764], [858, 859], [862, 863], [866, 867], [882, 883], [888, 889], [916, 917], [916, 925], [938, 939], [938, 948], [1163, 1164], [1163, 1190], [1168, 1169], [1168, 1170], [1170, 1171], [1170, 1174], [1174, 1175], [1174, 1176], [1176, 1177], [1176, 1178], [1178, 1179], [1178, 1180], [1180, 1181], [1180, 1182], [1182, 1163], [1182, 1183], [1258, 1259], [1258, 1263], [1263, 1264], [1263, 1268], [1268, 1269], [1268, 1271], [1271, 1272], [1271, 1275], [1275, 1276], [1275, 1279], [1335, 1337], [1335, 1339], [1343, 1344], [1343, 1345]], "functions": {"IndustrialProcessHeatAgent_AI.__init__": {"executed_lines": [216, 217, 218, 221, 224, 225, 228, 229, 230, 233], "summary": {"covered_lines": 10, "num_statements": 10, "percent_covered": 100.0, "percent_covered_display": "100.00", "missing_lines": 0, "excluded_lines": 0, "num_branches": 0, "num_partial_branches": 0, "covered_branches": 0, "missing_branches": 0}, "missing_lines": [], "excluded_lines": [], "executed_branches": [], "missing_branches": []}, "IndustrialProcessHeatAgent_AI._setup_tools": {"executed_lines": [239, 291, 313, 338, 378, 414, 440], "summary": {"covered_lines": 7, "num_statements": 7, "percent_covered": 100.0, "percent_covered_display": "100.00", "missing_lines": 0, "excluded_lines": 0, "num_branches": 0, "num_partial_branches": 0, "covered_branches": 0, "missing_branches": 0}, "missing_lines": [], "excluded_lines": [], "executed_branches": [], "missing_branches": []}, "IndustrialProcessHeatAgent_AI._calculate_process_heat_demand_impl": {"executed_lines": [498, 501, 504, 507, 510, 513, 516, 517, 518, 521, 523], "summary": {"covered_lines": 11, "num_statements": 11, "percent_covered": 100.0, "percent_covered_display": "100.00", "missing_lines": 0, "excluded_lines": 0, "num_branches": 0, "num_partial_branches": 0, "covered_branches": 0, "missing_branches": 0}, "missing_lines": [], "excluded_lines": [], "executed_branches": [], "missing_branches": []}, "IndustrialProcessHeatAgent_AI._calculate_temperature_requirements_impl": {"executed_lines": [551, 554, 555, 557, 560, 565, 567], "summary": {"covered_lines": 7, "num_statements": 7, "percent_covered": 100.0, "percent_covered_display": "100.00", "missing_lines": 0, "excluded_lines": 0, "num_branches": 2, "num_partial_branches": 0, "covered_branches": 2, "missing_branches": 0}, "missing_lines": [], "excluded_lines": [], "executed_branches": [[554, 555], [554, 557]], "missing_branches": []}, "IndustrialProcessHeatAgent_AI._calculate_energy_intensity_impl": {"executed_lines": [592, 595, 598, 600], "summary": {"covered_lines": 4, "num_statements": 4, "percent_covered": 100.0, "percent_covered_display": "100.00", "missing_lines": 0, "excluded_lines": 0, "num_branches": 0, "num_partial_branches": 0, "covered_branches": 0, "missing_branches": 0}, "missing_lines": [], "excluded_lines": [], "executed_branches": [], "missing_branches": []}, "IndustrialProcessHeatAgent_AI._estimate_solar_thermal_fraction_impl": {"executed_lines": [630, 633, 635, 639, 640, 641, 642, 643, 644, 646, 649, 655, 658, 661, 664, 665, 669, 670, 671, 676, 679, 680, 681, 682, 684, 686], "summary": {"covered_lines": 26, "num_statements": 26, "percent_covered": 100.0, "percent_covered_display": "100.00", "missing_lines": 0, "excluded_lines": 0, "num_branches": 12, "num_partial_branches": 0, "covered_branches": 12, "missing_branches": 0}, "missing_lines": [], "excluded_lines": [], "executed_branches": [[633, 635], [633, 639], [639, 640], [639, 641], [641, 642], [641, 643], [643, 644], [643, 646], [679, 680], [679, 681], [681, 682], [681, 684]], "missing_branches": []}, "IndustrialProcessHeatAgent_AI._calculate_backup_fuel_requirements_impl": {"executed_lines": [719, 722, 725, 728, 734, 736], "summary": {"covered_lines": 6, "num_statements": 6, "percent_covered": 100.0, "percent_covered_display": "100.00", "missing_lines": 0, "excluded_lines": 0, "num_branches": 0, "num_partial_branches": 0, "covered_branches": 0, "missing_branches": 0}, "missing_lines": [], "excluded_lines": [], "executed_branches": [], "missing_branches": []}, "IndustrialProcessHeatAgent_AI._estimate_emissions_baseline_impl": {"executed_lines": [760, 763, 766, 769, 770, 773, 774, 777, 779], "summary": {"covered_lines": 9, "num_statements": 10, "percent_covered": 85.71428571428571, "percent_covered_display": "85.71", "missing_lines": 1, "excluded_lines": 0, "num_branches": 4, "num_partial_branches": 1, "covered_branches": 3, "missing_branches": 1}, "missing_lines": [764], "excluded_lines": [], "executed_branches": [[763, 766], [769, 770], [769, 773]], "missing_branches": [[763, 764]]}, "IndustrialProcessHeatAgent_AI._calculate_decarbonization_potential_impl": {"executed_lines": [807, 810, 811, 814, 819, 822, 824], "summary": {"covered_lines": 7, "num_statements": 7, "percent_covered": 100.0, "percent_covered_display": "100.00", "missing_lines": 0, "excluded_lines": 0, "num_branches": 0, "num_partial_branches": 0, "covered_branches": 0, "missing_branches": 0}, "missing_lines": [], "excluded_lines": [], "executed_branches": [], "missing_branches": []}, "IndustrialProcessHeatAgent_AI.validate": {"executed_lines": [843, 852, 853, 854, 855, 858, 862, 866, 871, 882, 887, 888, 892], "summary": {"covered_lines": 13, "num_statements": 23, "percent_covered": 59.45945945945946, "percent_covered_display": "59.46", "missing_lines": 10, "excluded_lines": 0, "num_branches": 14,