{"meta": {"format": 3, "version": "7.10.7", "timestamp": "2025-10-13T15:44:05.852270", "branch_coverage": true, "show_contexts": false}, "files": {"greenlang\\agents\\report_agent.py": {"executed_lines": [1, 2, 3, 6, 7, 9, 10, 11, 14, 16, 17, 18, 19, 20, 22, 23, 26, 27, 29, 31, 41, 44, 45, 46, 47, 48, 50, 51, 52, 53, 54, 55, 56, 59, 60, 61, 63, 64, 65, 66, 67, 70, 71, 74, 76, 77, 79, 80, 81, 84, 86, 87, 88, 89, 92, 93, 96, 98, 99, 100, 101, 102, 103, 104, 105, 106, 108, 109, 113, 115, 118, 119, 120, 122, 123, 124, 125, 126, 127, 128, 131, 132, 133, 135, 136, 137, 138, 139, 146, 148, 149, 151, 152, 153, 155, 156, 157, 158, 159, 160, 163, 164, 167, 169, 170, 171, 172, 173, 174, 175, 176, 177, 178, 179, 181, 182, 186, 188, 191], "summary": {"covered_lines": 118, "num_statements": 120, "percent_covered": 93.10344827586206, "percent_covered_display": "93.10", "missing_lines": 2, "excluded_lines": 0, "num_branches": 54, "num_partial_branches": 8, "covered_branches": 44, "missing_branches": 10}, "missing_lines": [142, 143], "excluded_lines": [], "executed_branches": [[10, 11], [10, 14], [22, 23], [22, 26], [26, 27], [26, 29], [50, 51], [50, 63], [53, 54], [53, 55], [55, 56], [55, 59], [59, 60], [59, 61], [63, 64], [63, 76], [66, 67], [66, 70], [70, 71], [86, 87], [86, 98], [88, 89], [92, 93], [98, 99], [98, 108], [101, 102], [101, 106], [122, 123], [122, 135], [125, 126], [127, 128], [131, 132], [131, 133], [135, 136], [135, 148], [138, 139], [155, 156], [155, 169], [159, 160], [163, 164], [169, 170], [169, 181], [174, 175], [174, 179]], "missing_branches": [[70, 74], [88, 92], [92, 96], [125, 127], [127, 131], [138, 142], [142, 143], [142, 146], [159, 163], [163, 167]], "functions": {"ReportAgent.__init__": {"executed_lines": [10, 11, 14], "summary": {"covered_lines": 3, "num_statements": 3, "percent_covered": 100.0, "percent_covered_display": "100.00", "missing_lines": 0, "excluded_lines": 0, "num_branches": 2, "num_partial_branches": 0, "covered_branches": 2, "missing_branches": 0}, "missing_lines": [], "excluded_lines": [], "executed_branches": [[10, 11], [10, 14]], "missing_branches": []}, "ReportAgent.execute": {"executed_lines": [17, 18, 19, 20, 22, 23, 26, 27, 29, 31], "summary": {"covered_lines": 10, "num_statements": 10, "percent_covered": 100.0, "percent_covered_display": "100.00", "missing_lines": 0, "excluded_lines": 0, "num_branches": 4, "num_partial_branches": 0, "covered_branches": 4, "missing_branches": 0}, "missing_lines": [], "excluded_lines": [], "executed_branches": [[22, 23], [22, 26], [26, 27], [26, 29]], "missing_branches": []}, "ReportAgent._generate_text_report": {"executed_lines": [44, 45, 46, 47, 48, 50, 51, 52, 53, 54, 55, 56, 59, 60, 61, 63, 64, 65, 66, 67, 70, 71, 74, 76, 77, 79, 80, 81, 84, 86, 87, 88, 89, 92, 93, 96, 98, 99, 100, 101, 102, 103, 104, 105, 106, 108, 109, 113], "summary": {"covered_lines": 48, "num_statements": 48, "percent_covered": 95.83333333333333, "percent_covered_display": "95.83", "missing_lines": 0, "excluded_lines": 0, "num_branches": 24, "num_partial_branches": 3, "covered_branches": 21, "missing_branches": 3}, "missing_lines": [], "excluded_lines": [], "executed_branches": [[50, 51], [50, 63], [53, 54], [53, 55], [55, 56], [55, 59], [59, 60], [59, 61], [63, 64], [63, 76], [66, 67], [66, 70], [70, 71], [86, 87], [86, 98], [88, 89], [92, 93], [98, 99], [98, 108], [101, 102], [101, 106]], "missing_branches": [[70, 74], [88, 92], [92, 96]]}, "ReportAgent._generate_markdown_report": {"executed_lines": [118, 119, 120, 122, 123, 124, 125, 126, 127, 128, 131, 132, 133, 135, 136, 137, 138, 139, 146, 148, 149, 151, 152, 153, 155, 156, 157, 158, 159, 160, 163, 164, 167, 169, 170, 171, 172, 173, 174, 175, 176, 177, 178, 179, 181, 182, 186], "summary": {"covered_lines": 47, "num_statements": 49, "percent_covered": 87.67123287671232, "percent_covered_display": "87.67", "missing_lines": 2, "excluded_lines": 0, "num_branches": 24, "num_partial_branches": 5, "covered_branches": 17, "missing_branches": 7}, "missing_lines": [142, 143], "excluded_lines": [], "executed_branches": [[122, 123], [122, 135], [125, 126], [127, 128], [131, 132], [131, 133], [135, 136], [135, 148], [138, 139], [155, 156], [155, 169], [159, 160], [163, 164], [169, 170], [169, 181], [174, 175], [174, 179]], "missing_branches": [[125, 127], [127, 131], [138, 142], [142, 143], [142, 146], [159, 163], [163, 167]]}, "ReportAgent._generate_json_report": {"executed_lines": [191], "summary": {"covered_lines": 1, "num_statements": 1, "percent_covered": 100.0, "percent_covered_display": "100.00", "missing_lines": 0, "excluded_lines": 0, "num_branches": 0, "num_partial_branches": 0, "covered_branches": 0, "missing_branches": 0}, "missing_lines": [], "excluded_lines": [], "executed_branches": [], "missing_branches": []}, "": {"executed_lines": [1, 2, 3, 6, 7, 9, 16, 41, 115, 188], "summary": {"covered_lines": 9, "num_statements": 9, "percent_covered": 100.0, "percent_covered_display": "100.00", "missing_lines": 0, "excluded_lines": 0, "num_branches": 0, "num_partial_branches": 0, "covered_branches": 0, "missing_branches": 0}, "missing_lines": [], "excluded_lines": [], "executed_branches": [], "missing_branches": []}}, "classes": {"ReportAgent": {"executed_lines": [10, 11, 14, 17, 18, 19, 20, 22, 23, 26, 27, 29, 31, 44, 45, 46, 47, 48, 50, 51, 52, 53, 54, 55, 56, 59, 60, 61, 63, 64, 65, 66, 67, 70, 71, 74, 76, 77, 79, 80, 81, 84, 86, 87, 88, 89, 92, 93, 96, 98, 99, 100, 101, 102, 103, 104, 105, 106, 108, 109, 113, 118, 119, 120, 122, 123, 124, 125, 126, 127, 128, 131, 132, 133, 135, 136, 137, 138, 139, 146, 148, 149, 151, 152, 153, 155, 156, 157, 158, 159, 160, 163, 164, 167, 169, 170, 171, 172, 173, 174, 175, 176, 177, 178, 179, 181, 182, 186, 191], "summary": {"covered_lines": 109, "num_statements": 111, "percent_covered": 92.72727272727273, "percent_covered_display": "92.73", "missing_lines": 2, "excluded_lines": 0, "num_branches": 54, "num_partial_branches": 8, "covered_branches": 44, "missing_branches": 10}, "missing_lines": [142, 143], "excluded_lines": [], "executed_branches": [[10, 11], [10, 14], [22, 23], [22, 26], [26, 27], [26, 29], [50, 51], [50, 63], [53, 54], [53, 55], [55, 56], [55, 59], [59, 60], [59, 61], [63, 64], [63, 76], [66, 67], [66, 70], [70, 71], [86, 87], [86, 98], [88, 89], [92, 93], [98, 99], [98, 108], [101, 102], [101, 106], [122, 123], [122, 135], [125, 126], [127, 128], [131, 132], [131, 133], [135, 136], [135, 148], [138, 139], [155, 156], [155, 169], [159, 160], [163, 164], [169, 170], [169, 181], [174, 175], [174, 179]], "missing_branches": [[70, 74], [88, 92], [92, 96], [125, 127], [127, 131], [138, 142], [142, 143], [142, 146], [159, 163], [163, 167]]}, "": {"executed_lines": [1, 2, 3, 6, 7, 9, 16, 41, 115, 188], "summary": {"covered_lines": 9, "num_statements": 9, "percent_covered": 100.0, "percent_covered_display": "100.00", "missing_lines": 0, "excluded_lines": 0, "num_branches": 0, "num_partial_branches": 0, "covered_branches": 0, "missing_branches": 0}, "missing_lines": [], "excluded_lines": [], "executed_branches": [], "missing_branches": []}}}}, "totals": {"covered_lines": 118, "num_statements": 120, "percent_covered": 93.10344827586206, "percent_covered_display": "93.10", "missing_lines": 2, "excluded_lines": 0, "num_branches": 54, "num_partial_branches": 8, "covered_branches": 44, "missing_branches": 10}}